,x0,y0,sigmax,sigmay,theta,phi,frequency
0,10.52782154083252,9.985435485839844,1.9672272205352783,0.004069443326443434,0.10028085112571716,1.9461323022842407,0.10061369836330414
1,12.571524620056152,7.56521463394165,2.126487970352173,2.120037794113159,0.5004645586013794,2.7220458984375,0.3917146325111389
2,7.246387481689453,10.820810317993164,3.3766396045684814,5.6496262550354,1.1878494024276733,4.43516731262207,0.06001709774136543
3,8.585040092468262,7.6921186447143555,3.284003257751465,1.9809049367904663,0.57139652967453,0.5813791155815125,0.2699357569217682
4,7.720467567443848,12.02698040008545,3.192721366882324,4.275394916534424,1.1658493280410767,3.675461530685425,0.08201832324266434
5,9.274290084838867,9.817866325378418,0.010761418379843235,1.1030299663543701,1.2103203535079956,3.994638442993164,0.5
6,9.836624145507812,8.989166259765625,1.3305034637451172,0.34025445580482483,2.2600245475769043,4.244969844818115,0.04925522208213806
7,11.56942367553711,7.1898040771484375,1.8897854089736938,2.3657143115997314,0.8663749694824219,0.2859305441379547,0.3700123429298401
8,8.722548484802246,8.214542388916016,3.192780017852783,4.869386196136475,1.9860485792160034,5.1273040771484375,0.05415885150432587
9,10.207865715026855,10.097167015075684,1.740399718284607,0.05194555222988129,2.6437721252441406,0.0,0.10194616764783859
10,9.700214385986328,12.258731842041016,2.621788501739502,2.8656837940216064,0.27570462226867676,2.9787251949310303,0.2176026701927185
11,7.351840019226074,11.335777282714844,2.0778653621673584,2.775787591934204,1.7441316843032837,6.2104010581970215,0.3978997766971588
12,7.564529895782471,7.48411226272583,2.9349143505096436,3.476858139038086,0.7263681888580322,2.316375255584717,0.15146183967590332
13,12.300371170043945,6.945750713348389,3.1890392303466797,3.45755672454834,0.6739096641540527,0.4841194748878479,0.1625070869922638
14,9.950331687927246,9.868396759033203,0.005562729202210903,1.4259060621261597,0.3831403851509094,0.0,0.5
15,9.975870132446289,9.87507438659668,1.4426532983779907,0.021083079278469086,2.834512233734131,1.5599561929702759,0.20781157910823822
16,10.449414253234863,13.059340476989746,2.1552062034606934,3.543736696243286,1.176924467086792,5.772256851196289,0.22979509830474854
17,12.223756790161133,10.243492126464844,2.4398422241210938,2.4234299659729004,2.590801477432251,1.8774200677871704,0.2825954258441925
18,7.878549098968506,11.352237701416016,2.6160061359405518,3.037891387939453,2.3625729084014893,3.5088818073272705,0.20184049010276794
19,8.632497787475586,8.70793628692627,1.5543313026428223,1.7261371612548828,1.611688256263733,0.9301246404647827,0.4701343774795532
20,12.100747108459473,7.877114772796631,2.895664691925049,2.692415237426758,2.9704010486602783,0.645317792892456,0.2706124782562256
21,8.941051483154297,6.921910285949707,2.1555330753326416,4.251566410064697,1.4155305624008179,2.1183230876922607,0.19926893711090088
22,9.559569358825684,8.725675582885742,0.6638782620429993,0.2570130228996277,2.0008280277252197,0.3414912223815918,0.5
23,10.429224967956543,10.561418533325195,3.0047643184661865,3.7440412044525146,2.2734291553497314,5.769625663757324,0.11622608453035355
24,9.518694877624512,10.131844520568848,0.35972917079925537,0.10023139417171478,1.5734789371490479,4.756606578826904,0.03991547226905823
25,7.2168684005737305,12.328269004821777,3.043367385864258,3.799175500869751,0.7435191869735718,2.0979976654052734,0.16403919458389282
26,10.359071731567383,8.728219032287598,4.025237560272217,3.7222938537597656,0.8118692636489868,0.0,0.11815867573022842
27,9.76103687286377,6.493863105773926,3.7633063793182373,4.222901344299316,2.2954063415527344,1.8913127183914185,0.10802078992128372
28,7.86508321762085,8.733366012573242,3.362490653991699,2.7801828384399414,0.20126844942569733,1.7069915533065796,0.2421705722808838
29,9.033949851989746,7.382940292358398,3.9492931365966797,5.9199395179748535,1.288572072982788,0.3411358892917633,0.1199617013335228
30,12.39151668548584,12.429122924804688,1.8900387287139893,2.3560755252838135,1.9244595766067505,6.2831854820251465,0.4257122874259949
31,10.91935920715332,7.233555793762207,3.5787241458892822,3.2844746112823486,0.2545735538005829,0.0,0.15004165470600128
32,8.636283874511719,9.32353401184082,2.7765581607818604,5.541723251342773,0.8387162089347839,4.762598514556885,0.0
33,7.189179420471191,8.867218971252441,1.839496374130249,2.316732168197632,2.0367729663848877,1.6180015802383423,0.40847542881965637
34,11.140142440795898,8.217456817626953,2.3039801120758057,3.3561789989471436,2.2506794929504395,0.0,0.21538911759853363
35,8.534965515136719,8.542259216308594,3.1083528995513916,5.599969863891602,2.45778226852417,3.3304781913757324,0.022962462157011032
36,9.56149959564209,11.4195556640625,2.9097888469696045,4.925563812255859,1.7602039575576782,5.183773040771484,0.11983853578567505
37,10.051767349243164,11.35888671875,4.423437118530273,3.57991623878479,2.837575674057007,3.0666847229003906,0.08023297786712646
38,11.409486770629883,8.479902267456055,2.36808443069458,3.1362228393554688,2.028062582015991,0.0,0.2880443036556244
39,8.6085786819458,8.778813362121582,3.441453456878662,4.031874656677246,0.34430602192878723,0.5964484214782715,0.08383280783891678
40,11.099926948547363,11.037508010864258,3.3812108039855957,3.4178874492645264,2.7913105487823486,0.0,0.14800842106342316
41,11.737449645996094,11.56204605102539,3.431156873703003,3.0002379417419434,2.858055830001831,0.0,0.18562549352645874
42,10.370041847229004,9.244230270385742,1.1702980995178223,0.04475806653499603,1.164656162261963,1.0804681777954102,0.0
43,10.059883117675781,7.503636360168457,2.33949875831604,4.397070407867432,1.9161248207092285,0.9282433986663818,0.231061190366745
44,11.851326942443848,8.55165958404541,2.999768018722534,2.8873260021209717,0.1306605339050293,6.2831854820251465,0.19109918177127838
45,8.660935401916504,10.458673477172852,2.6708641052246094,5.887616157531738,1.8552649021148682,1.7426140308380127,0.07977311313152313
46,7.587928295135498,12.030797004699707,3.4201362133026123,3.532893180847168,0.6114076972007751,3.6040713787078857,0.15538834035396576
47,7.584380626678467,12.00322151184082,2.1114563941955566,2.1008381843566895,0.4994485080242157,1.1204020977020264,0.3959156572818756
48,11.894152641296387,11.876510620117188,2.906456470489502,4.266761302947998,2.095364570617676,3.940945625305176,0.14573313295841217
49,11.30206298828125,8.749359130859375,2.5569252967834473,3.0434248447418213,2.02366304397583,0.0,0.28514933586120605
50,10.667351722717285,11.144780158996582,1.9582877159118652,4.218722343444824,1.4446033239364624,5.114866256713867,0.29349368810653687
51,12.638219833374023,13.254596710205078,2.992511510848999,5.300293922424316,1.4410462379455566,3.2604804039001465,0.17060604691505432
52,9.520666122436523,6.374917030334473,3.451521396636963,5.340986251831055,1.6659703254699707,0.36944475769996643,0.13208606839179993
53,8.758289337158203,10.863306999206543,2.9558699131011963,1.3611819744110107,2.1460230350494385,5.20159912109375,0.40740376710891724
54,7.64115571975708,7.377756595611572,1.9923614263534546,3.06626558303833,1.9639222621917725,4.1305060386657715,0.27837398648262024
55,5.5586748123168945,9.080787658691406,2.1722512245178223,3.6004550457000732,1.5109740495681763,2.1329281330108643,0.21675041317939758
56,9.698355674743652,12.359310150146484,2.4212167263031006,1.7746776342391968,0.9893417358398438,6.2831854820251465,0.25335755944252014
57,8.439757347106934,11.769816398620605,2.9581549167633057,2.874580144882202,2.974752187728882,4.243546962738037,0.2659674286842346
58,7.117600440979004,9.089086532592773,1.8780931234359741,2.4437777996063232,2.0320992469787598,3.1007893085479736,0.4061427414417267
59,8.604536056518555,11.893898010253906,3.57218861579895,4.020110607147217,0.8171904683113098,5.386433124542236,0.11429288983345032
60,9.741971015930176,12.93221664428711,2.2942726612091064,3.7095937728881836,1.187570571899414,4.218594551086426,0.2221331000328064
61,7.65015983581543,7.89857292175293,2.7299110889434814,2.6599934101104736,0.7278816103935242,0.0,0.18567803502082825
62,9.105380058288574,7.661465167999268,3.3967809677124023,5.364837169647217,1.7509900331497192,0.0,0.12802043557167053
63,9.969523429870605,10.01656436920166,0.002686615101993084,1.563245415687561,1.9690017700195312,0.0,0.5
64,9.961451530456543,9.881925582885742,1.5495545864105225,0.024283064529299736,2.825688362121582,4.709959030151367,0.2355421930551529
65,7.815381050109863,9.013954162597656,2.481112241744995,2.3417887687683105,1.144653558731079,0.0,0.3750443160533905
66,12.019935607910156,12.026803970336914,2.545325756072998,3.552712917327881,2.2762813568115234,1.0200146436691284,0.20435279607772827
67,7.227315425872803,7.354274749755859,2.270751714706421,2.855400323867798,2.567702531814575,3.259950876235962,0.23705530166625977
68,8.616364479064941,9.500288009643555,2.461325168609619,0.658012866973877,0.0,0.0,0.38110417127609253
69,10.26594352722168,8.92229175567627,2.837592363357544,5.358479976654053,1.8679994344711304,2.23234486579895,0.10384492576122284
70,11.12393856048584,8.3641357421875,2.156306028366089,2.200260877609253,2.2835254669189453,2.0106186866760254,0.4039904773235321
71,10.44076919555664,12.345122337341309,4.003864765167236,3.386939287185669,0.2635636031627655,5.111652374267578,0.13996033370494843
72,10.241710662841797,13.132512092590332,2.358633518218994,3.780669689178467,1.186334490776062,3.3156487941741943,0.22383442521095276
73,12.514060020446777,9.89920425415039,2.665001392364502,2.900085687637329,2.587489128112793,2.4340767860412598,0.2638663053512573
74,10.174065589904785,10.185876846313477,3.6626603603363037,3.251981496810913,0.15888382494449615,6.096181392669678,0.16201889514923096
75,12.231344223022461,12.182900428771973,2.9710395336151123,2.803337335586548,3.0047543048858643,0.0,0.26996731758117676
76,7.900330543518066,9.161625862121582,2.9250845909118652,4.264690399169922,1.1337252855300903,1.2255216836929321,0.18216611444950104
77,10.551283836364746,10.384915351867676,1.124813199043274,0.11104943603277206,2.624055862426758,3.3698573112487793,0.5
78,7.797237873077393,11.037408828735352,2.5821919441223145,3.300499200820923,1.6697617769241333,0.0,0.24136380851268768
79,6.71065616607666,11.082094192504883,3.289742946624756,3.5881245136260986,2.8615708351135254,3.3705320358276367,0.11913636326789856
80,9.872916221618652,12.91340446472168,2.224797487258911,2.0954065322875977,2.0575602054595947,4.690659046173096,0.27903640270233154
81,11.236845970153809,7.926424503326416,2.1357433795928955,2.348708391189575,1.6444729566574097,3.1292507648468018,0.29291561245918274
82,9.95495891571045,10.204163551330566,2.174530029296875,3.299027681350708,1.0234516859054565,3.4638991355895996,0.20834419131278992
83,7.691832542419434,11.90333080291748,2.163449764251709,1.951064944267273,0.48637646436691284,4.147618293762207,0.3695843517780304
84,11.318342208862305,9.146098136901855,3.235877275466919,2.387974977493286,1.482630968093872,3.300753355026245,0.10414586961269379
85,11.563433647155762,11.662182807922363,2.8000688552856445,3.311461925506592,0.6895034909248352,5.673388481140137,0.16179810464382172
86,7.557327747344971,8.988694190979004,2.8766305446624756,2.368358612060547,1.2242482900619507,0.0,0.2719656825065613
87,7.582365989685059,11.437246322631836,2.86122989654541,2.9973697662353516,0.20414894819259644,0.0,0.26757198572158813
88,7.452997207641602,7.853908061981201,1.9309237003326416,2.4514105319976807,1.9233429431915283,3.264495611190796,0.41760656237602234
89,7.832054615020752,11.639328956604004,2.781999111175537,2.7528576850891113,2.0306966304779053,5.28359842300415,0.3012244999408722
90,10.14875316619873,11.885405540466309,3.188688039779663,0.2621157765388489,1.00228750705719,4.733201503753662,0.08069804310798645
91,9.876717567443848,9.150650024414062,1.6962281465530396,0.2392895370721817,0.6597415804862976,4.874373435974121,0.33938729763031006
92,10.046781539916992,9.685347557067871,4.000796318054199,4.714268684387207,0.31303566694259644,2.1012988090515137,0.0640900582075119
93,9.356221199035645,8.907225608825684,3.551114559173584,1.1769176721572876,0.8881027102470398,0.0,0.39966273307800293
94,11.002259254455566,13.020577430725098,2.6497013568878174,3.2991557121276855,0.9106737375259399,3.8399384021759033,0.239863321185112
95,10.586108207702637,10.356661796569824,0.8809800744056702,0.25797832012176514,0.6009814739227295,1.6794229745864868,0.01779358461499214
96,7.677234172821045,12.426168441772461,2.1914286613464355,1.978602409362793,0.45145341753959656,0.006135344505310059,0.39668092131614685
97,8.41729736328125,8.786749839782715,1.5788331031799316,1.9533281326293945,2.4164302349090576,4.575255870819092,0.36975976824760437
98,10.51234245300293,7.773573398590088,3.383096218109131,2.4600720405578613,2.9079573154449463,3.425340414047241,0.08795471489429474
99,10.499504089355469,11.434982299804688,2.5651631355285645,4.872969627380371,1.9078359603881836,5.692213535308838,0.19807158410549164
100,9.311820030212402,11.368751525878906,3.9057364463806152,4.622075080871582,2.3006417751312256,5.075976848602295,0.10798227787017822
101,10.833081245422363,8.018782615661621,2.588474750518799,3.6740660667419434,1.4475793838500977,0.0,0.290111243724823
102,11.339945793151855,11.46873950958252,2.2491250038146973,2.6152262687683105,2.5587117671966553,2.2221367359161377,0.19334396719932556
103,9.074584007263184,11.397099494934082,1.8406188488006592,1.912358045578003,2.7237532138824463,5.638355731964111,0.39518433809280396
104,7.267786502838135,11.360674858093262,2.7172048091888428,2.62562894821167,0.5706242918968201,1.7042269706726074,0.24962928891181946
105,7.939094066619873,10.857172012329102,3.039339542388916,3.0505497455596924,2.5674450397491455,6.2831854820251465,0.18864582479000092
106,12.053464889526367,10.354740142822266,1.8720197677612305,2.6857879161834717,1.6967413425445557,5.03890323638916,0.34175944328308105
107,7.88059139251709,9.819210052490234,4.4159369468688965,2.115891695022583,0.16563323140144348,4.616877555847168,0.0
108,11.510834693908691,7.605210781097412,1.7495126724243164,2.6403181552886963,1.128394603729248,4.538127422332764,0.3710256516933441
109,9.594995498657227,10.041985511779785,0.4798937439918518,0.002904455177485943,3.1415927410125732,0.0,0.5
110,8.680670738220215,6.850398063659668,2.871889114379883,2.871793508529663,2.989375591278076,0.0,0.25413641333580017
111,7.437262535095215,8.36484432220459,2.5727226734161377,2.01607084274292,1.46742582321167,1.6400784254074097,0.3508985638618469
112,7.6553568840026855,8.377763748168945,2.8261489868164062,2.5542640686035156,0.12830810248851776,0.0,0.19047248363494873
113,10.048433303833008,11.221109390258789,2.328603744506836,4.370298862457275,1.4131348133087158,3.853159189224243,0.22658304870128632
114,9.967780113220215,10.11524486541748,1.6313077211380005,0.2748969793319702,0.6981406211853027,1.574500560760498,0.007716072257608175
115,10.099447250366211,11.687734603881836,2.4354937076568604,5.2437543869018555,1.721665859222412,1.9790788888931274,0.23390677571296692
116,7.693418502807617,7.40663480758667,2.6759190559387207,3.3390159606933594,2.388207197189331,2.7432637214660645,0.19162845611572266
117,7.893685340881348,11.324732780456543,2.407789707183838,2.0688774585723877,0.14422179758548737,0.0,0.3777855336666107
118,10.738773345947266,8.082301139831543,2.3971757888793945,1.8926340341567993,2.2883377075195312,3.2227749824523926,0.4029619097709656
119,10.890891075134277,8.954656600952148,1.8440195322036743,2.220409631729126,1.2426029443740845,5.325526237487793,0.3823223114013672
120,12.150274276733398,11.409266471862793,1.7203630208969116,1.5851889848709106,2.5868260860443115,2.3849921226501465,0.4120105504989624
121,11.681638717651367,11.423572540283203,2.2948269844055176,2.4013354778289795,1.416911244392395,3.1943070888519287,0.406213641166687
122,6.529662609100342,9.136849403381348,2.1550159454345703,3.5961880683898926,1.5000859498977661,0.0,0.21706199645996094
123,11.363991737365723,8.191250801086426,2.7108943462371826,3.318570137023926,0.9061394333839417,0.5163783431053162,0.23603388667106628
124,9.73863410949707,8.999585151672363,2.6715033054351807,3.083031415939331,0.2565467655658722,2.138576030731201,0.22926905751228333
125,10.257033348083496,10.783902168273926,2.1634628772735596,4.601787090301514,1.4342215061187744,5.620112419128418,0.2050759345293045
126,7.306776523590088,9.179100036621094,3.038785219192505,4.440894603729248,1.1211533546447754,6.2831854820251465,0.18196232616901398
127,9.976850509643555,10.370413780212402,0.7660189867019653,0.024459056556224823,1.2800287008285522,5.115250110626221,0.1968487799167633
128,7.930490493774414,8.061208724975586,2.111234664916992,2.421211004257202,1.691871166229248,0.0,0.3546088635921478
129,10.428060531616211,9.24867057800293,1.3137383460998535,0.07574170082807541,2.4102025032043457,3.793736696243286,0.17539434134960175
130,10.490346908569336,9.841893196105957,0.10758120566606522,0.1432419866323471,0.0,3.128410577774048,0.4947822690010071
131,7.09221887588501,9.999755859375,1.4257100820541382,1.9231572151184082,1.3216960430145264,4.3808488845825195,0.3835313618183136
132,10.23271369934082,9.559879302978516,0.011548396199941635,0.7319517731666565,0.33803027868270874,3.5260391235351562,0.5
133,8.064390182495117,9.420307159423828,0.895093560218811,2.166067361831665,1.5439265966415405,5.858101844787598,0.47490209341049194
134,9.789374351501465,10.83692741394043,1.0193421840667725,1.0904653072357178,3.1415927410125732,1.8674490451812744,0.07367634028196335
135,9.65095043182373,9.908756256103516,1.2678457498550415,0.008542359806597233,3.1415927410125732,4.292034644155441e-18,0.20884400606155396
136,11.200798034667969,11.650970458984375,1.7869949340820312,2.5688624382019043,1.4315048456192017,6.2386369705200195,0.3890083432197571
137,10.279268264770508,6.765002727508545,2.8071391582489014,6.059387683868408,1.7418651580810547,2.448101043701172,0.1440526694059372
138,12.28520679473877,7.41409158706665,1.981175184249878,1.884407639503479,0.4549869894981384,6.2831854820251465,0.4010501503944397
139,8.383360862731934,11.891410827636719,2.9392120838165283,2.7859573364257812,2.9711523056030273,5.236087799072266,0.26995810866355896
140,10.46607494354248,10.458952903747559,0.10982732474803925,0.16027577221393585,0.4552175998687744,1.5978530645370483,0.023618821054697037
141,10.322538375854492,10.090423583984375,1.3659566640853882,0.0357842743396759,1.7871463298797607,4.2581562995910645,0.20527751743793488
142,11.626188278198242,8.322163581848145,2.1259167194366455,2.9976625442504883,1.6822713613510132,2.3283886909484863,0.31358128786087036
143,18.784061431884766,8.649086952209473,3.7336158752441406,8.866469383239746,1.5127811431884766,4.98160457611084,0.032041095197200775
144,7.858850002288818,7.1582512855529785,2.6660807132720947,4.318678855895996,2.0889792442321777,3.8632404804229736,0.16346392035484314
145,10.905240058898926,7.528566837310791,2.551140308380127,2.2254390716552734,1.6541674137115479,1.3543990850448608,0.27431225776672363
146,11.663810729980469,10.865147590637207,2.6939358711242676,2.6280786991119385,0.5914463996887207,1.9725605249404907,0.2589133083820343
147,12.393453598022461,7.452178478240967,1.9465594291687012,2.0426039695739746,0.46631383895874023,5.5135931968688965,0.3856673538684845
148,8.858078956604004,7.108301639556885,3.4113991260528564,3.9523277282714844,0.8254950046539307,0.0,0.12001093477010727
149,8.216245651245117,8.015996932983398,2.6638526916503906,4.1928300857543945,2.153942584991455,2.660759210586548,0.14914390444755554
150,8.188898086547852,7.9081573486328125,2.3460962772369385,3.8656206130981445,1.4807655811309814,3.3232455253601074,0.2064821869134903
151,11.114973068237305,11.662096977233887,2.159278392791748,1.8812328577041626,1.455061912536621,4.145576477050781,0.3427651822566986
152,9.220355987548828,8.034838676452637,3.604361057281494,5.129298210144043,1.2879639863967896,3.9544992446899414,0.12062986940145493
153,9.278281211853027,8.831233024597168,3.3054006099700928,5.138213157653809,1.9707989692687988,5.394598484039307,0.06828093528747559
154,8.952919960021973,10.475668907165527,3.5562875270843506,5.743395805358887,1.1586953401565552,1.4640082120895386,0.059961527585983276
155,10.073325157165527,10.068363189697266,0.004094916395843029,1.2073696851730347,1.2918086051940918,3.1017978191375732,0.5
156,9.272431373596191,11.598418235778809,4.274475574493408,4.29764461517334,0.8142568469047546,1.2826683521270752,0.09830112755298615
157,7.651562690734863,11.908045768737793,1.9467917680740356,1.8906750679016113,0.45091742277145386,3.9701297283172607,0.38652342557907104
158,11.291479110717773,12.190130233764648,2.997952461242676,6.226390361785889,1.284313440322876,2.302100419998169,0.11005851626396179
159,11.135289192199707,7.752638816833496,2.2095189094543457,3.0839719772338867,2.256246328353882,2.1486384868621826,0.2063102275133133
160,9.999452590942383,7.000891208648682,2.3320810794830322,4.421370029449463,1.72039794921875,1.5418941974639893,0.23387372493743896
161,11.852664947509766,7.131123065948486,1.6194332838058472,2.2148029804229736,0.8540453910827637,0.5863364934921265,0.39937856793403625
162,8.009552955627441,8.908636093139648,5.532503128051758,3.298978805541992,2.9891531467437744,2.892246961593628,0.07402853667736053
163,10.093375205993652,9.886055946350098,1.1043272018432617,0.008639814332127571,1.943396806716919,4.927258491516113,0.0
164,8.611490249633789,7.595232009887695,2.5724432468414307,2.488807201385498,2.773469924926758,0.0,0.11687612533569336
165,8.742851257324219,7.694546699523926,2.9773213863372803,2.3271422386169434,0.5976387858390808,3.759445905685425,0.26809069514274597
166,11.466102600097656,8.983914375305176,3.113291025161743,5.60287618637085,1.8604662418365479,1.7571473121643066,0.09182967245578766
167,7.7735595703125,13.0010347366333,2.641676902770996,4.351077556610107,1.4307695627212524,3.76884388923645,0.1642843633890152
168,10.114225387573242,10.837905883789062,3.0909411907196045,3.8808932304382324,2.277585983276367,0.667590856552124,0.11498283594846725
169,12.871415138244629,11.9892578125,2.106492519378662,2.3476521968841553,1.6167166233062744,6.2831854820251465,0.2564491033554077
170,9.886027336120605,9.588193893432617,1.1460528373718262,0.00694382656365633,1.4107775688171387,3.439452648162842,0.0
171,9.25611686706543,12.132028579711914,2.858484983444214,3.7449135780334473,1.7011131048202515,3.720583915710449,0.11210320889949799
172,9.459636688232422,9.872121810913086,1.9952664375305176,0.07192371785640717,0.2083524912595749,0.0,0.45317205786705017
173,12.372568130493164,13.041241645812988,2.122307300567627,2.4846043586730957,2.329345464706421,0.7043736577033997,0.29942086338996887
174,7.814161777496338,9.431336402893066,1.636331558227539,1.3669294118881226,1.5480799674987793,3.068293809890747,0.47205591201782227
175,11.318922996520996,9.592941284179688,3.8446266651153564,4.233254432678223,2.335117816925049,3.4997353553771973,0.05211271345615387
176,9.326066970825195,12.173234939575195,2.8725786209106445,5.178648471832275,1.7307637929916382,3.53389835357666,0.15890264511108398
177,7.653625011444092,10.082069396972656,3.1325883865356445,4.2325663566589355,0.7086479663848877,3.1051383018493652,0.0
178,10.705964088439941,11.197230339050293,3.205083131790161,3.5517067909240723,2.8391520977020264,0.9015305042266846,0.10577303916215897
179,12.654964447021484,11.341584205627441,3.065150737762451,2.9649112224578857,2.9631459712982178,4.387852191925049,0.20013709366321564
180,9.7239990234375,10.079846382141113,1.1642203330993652,0.005631626583635807,3.1415927410125732,1.8831425905227661,0.0
181,10.312116622924805,11.116523742675781,1.072930932044983,0.13857972621917725,1.7771861553192139,4.899765491485596,0.4899175465106964
182,9.863946914672852,8.362787246704102,2.6832704544067383,2.9251930713653564,0.26454487442970276,5.116349220275879,0.22044670581817627
183,10.051082611083984,7.37612771987915,2.662388563156128,2.870349168777466,0.2898843288421631,5.217031478881836,0.21375501155853271
184,10.193463325500488,10.245755195617676,0.8542823195457458,0.0418023057281971,3.1279919147491455,4.901515483856201,0.2974937856197357
185,11.205275535583496,7.585111618041992,2.7315022945404053,3.05461049079895,1.2367042303085327,2.5411276817321777,0.2631615102291107
186,9.759425163269043,9.3775053024292,1.2747901678085327,0.11656899005174637,1.1921374797821045,3.682109832763672,0.2478560507297516
187,10.753401756286621,8.877410888671875,2.2646796703338623,3.734910488128662,1.504372239112854,4.3297529220581055,0.20151108503341675
188,9.773345947265625,8.005206108093262,2.046241283416748,2.20430326461792,2.297867774963379,3.172748565673828,0.2663859724998474
189,11.658841133117676,7.551548004150391,2.9473862648010254,3.228388786315918,1.2262648344039917,1.9127180576324463,0.269853413105011
190,9.925285339355469,11.716471672058105,3.525961399078369,5.235316753387451,1.6302759647369385,0.6992132067680359,0.13060209155082703
191,9.918177604675293,7.127650260925293,2.701749324798584,5.331368446350098,1.749271273612976,0.6217901110649109,0.15202921628952026
192,11.733627319335938,8.886686325073242,1.9712380170822144,2.445510149002075,2.011326551437378,3.533228635787964,0.3797890245914459
193,7.791395664215088,11.555615425109863,4.4361958503723145,2.3621370792388916,2.9827325344085693,3.0377423763275146,0.22029460966587067
194,10.685914993286133,11.481616973876953,2.696596622467041,5.310588359832764,1.715108036994934,3.232071876525879,0.22210665047168732
195,8.791986465454102,7.829843997955322,2.1460556983947754,1.5928915739059448,0.4479767382144928,1.6188970804214478,0.38888534903526306
196,10.941147804260254,11.02127742767334,2.147451639175415,2.1614890098571777,1.1741158962249756,0.0,0.3731963634490967
197,9.880520820617676,8.701935768127441,3.4012343883514404,3.7637269496917725,1.6077061891555786,0.0,0.10777214914560318
198,11.372089385986328,8.569684028625488,2.3271148204803467,2.7758140563964844,2.038027286529541,1.3554272651672363,0.2942579388618469
199,8.069711685180664,9.1399564743042,3.2303662300109863,4.511847019195557,1.144896388053894,5.896987438201904,0.17809449136257172
200,8.056626319885254,7.820191860198975,2.7382874488830566,4.359764575958252,1.6803644895553589,2.92958402633667,0.22898006439208984
201,8.127754211425781,11.197637557983398,2.459550142288208,1.9729735851287842,1.912825345993042,4.021678447723389,0.4205235242843628
202,7.268124580383301,10.944852828979492,2.970689535140991,3.1586081981658936,0.19647212326526642,3.3422510623931885,0.2658258080482483
203,8.818464279174805,7.263554096221924,2.982882261276245,3.5303287506103516,0.81960529088974,3.9424784183502197,0.12043960392475128
204,10.049933433532715,9.891406059265137,1.1048247814178467,0.01144019328057766,1.3937432765960693,1.8479543924331665,0.06572211533784866
205,12.090303421020508,9.35905647277832,2.8528106212615967,3.825312852859497,1.1280320882797241,2.485206365585327,0.17763228714466095
206,7.711449146270752,11.380695343017578,3.518719434738159,3.9388697147369385,2.7796823978424072,4.489384651184082,0.1036837249994278
207,6.762143135070801,8.715381622314453,2.951564311981201,2.7435688972473145,1.2157089710235596,3.1711575984954834,0.2749760150909424
208,10.240912437438965,9.887246131896973,1.6691629886627197,0.0800478532910347,1.2986572980880737,3.2810962200164795,0.29819223284721375
209,10.140877723693848,10.05876350402832,1.3057515621185303,0.021610617637634277,1.2632805109024048,3.007565498352051,0.32550621032714844
210,9.702436447143555,10.587625503540039,0.14955346286296844,0.4490189850330353,1.98639976978302,5.215880393981934,0.5
211,8.048905372619629,7.4262518882751465,3.7048087120056152,2.9139504432678223,0.19510148465633392,0.2594277560710907,0.2659013271331787
212,11.237632751464844,7.646156311035156,2.099749803543091,1.9693217277526855,1.0097519159317017,0.0,0.25191283226013184
213,7.408690452575684,10.99567985534668,2.4707632064819336,2.268547773361206,0.5909426808357239,1.6229310035705566,0.26959288120269775
214,10.497376441955566,9.779175758361816,0.11036808788776398,0.16205689311027527,0.0,0.0,0.49400055408477783
215,9.903420448303223,10.186782836914062,2.4828269481658936,4.216085910797119,1.4597519636154175,1.840459942817688,0.19906729459762573
216,7.577812671661377,11.98879337310791,3.541698694229126,3.680673360824585,0.6255157589912415,3.541092872619629,0.15992775559425354
217,12.556178092956543,10.135392189025879,0.6044888496398926,0.9362629055976868,3.1415927410125732,1.3944998979568481,0.025214867666363716
218,8.92135238647461,9.857258796691895,0.12040137499570847,1.0693601369857788,0.662489116191864,0.8256032466888428,0.5
219,10.358512878417969,10.280767440795898,1.1889183521270752,0.03126894682645798,0.3941141963005066,1.6415328979492188,0.030720466747879982
220,10.662654876708984,8.688264846801758,0.32657238841056824,0.6870536804199219,0.6697934865951538,1.8609247207641602,0.0
221,13.029346466064453,11.715015411376953,3.001164197921753,2.9847471714019775,2.9713029861450195,0.0,0.1976493000984192
222,7.64761209487915,10.404101371765137,0.38976141810417175,0.6176755428314209,0.608609676361084,4.473750114440918,0.08845777064561844
223,7.861006259918213,7.678813934326172,2.2319746017456055,2.045748710632324,2.6807734966278076,6.2831854820251465,0.35578685998916626
224,10.215154647827148,9.408581733703613,2.6289405822753906,4.529661178588867,0.34666675329208374,4.9017486572265625,0.034716688096523285
225,9.673737525939941,7.580164909362793,2.959001302719116,4.700611114501953,1.4454476833343506,0.0,0.19197221100330353
226,8.092552185058594,7.650697231292725,3.21016788482666,3.268847942352295,0.6877481937408447,2.216453790664673,0.1679639220237732
227,10.867206573486328,7.26755952835083,3.3660833835601807,2.90466046333313,0.26386934518814087,0.8563649654388428,0.15215714275836945
228,10.523185729980469,9.916634559631348,0.10433340072631836,0.1016884446144104,3.1415927410125732,4.732308387756348,0.0
229,9.443795204162598,10.012955665588379,2.255985975265503,0.06397318840026855,2.3402037620544434,1.4141968488693237,0.4063203036785126
230,9.941388130187988,9.201528549194336,3.069401979446411,0.15472306311130524,2.4655301570892334,1.8294895887374878,0.16632938385009766
231,8.651832580566406,7.7110395431518555,2.099919080734253,1.804648518562317,2.96909761428833,3.2836718559265137,0.3791747987270355
232,8.286303520202637,11.180682182312012,2.6568820476531982,4.112399578094482,1.772950291633606,4.795140266418457,0.012115626595914364
233,11.208356857299805,11.44482135772705,2.3297269344329834,1.932035207748413,0.45744436979293823,4.264820098876953,0.3913174867630005
234,11.493162155151367,10.715798377990723,2.2363393306732178,2.1758668422698975,0.5803502798080444,4.637772560119629,0.26532137393951416
235,9.9510498046875,9.932015419006348,0.0010000000474974513,1.2401176691055298,1.250806212425232,3.183950662612915,0.5
236,9.510692596435547,12.720941543579102,2.5311036109924316,4.094178676605225,1.1866987943649292,6.2831854820251465,0.21149855852127075
237,9.837916374206543,8.720434188842773,3.065516471862793,1.068052887916565,2.432180881500244,0.0,0.43012604117393494
238,9.233173370361328,6.736839294433594,3.0947518348693848,5.504031658172607,1.2767378091812134,0.6723212003707886,0.12807954847812653
239,11.938404083251953,12.104373931884766,2.363208532333374,1.7459747791290283,2.7076454162597656,0.0,0.42084941267967224
240,10.763195037841797,7.372038841247559,1.8295223712921143,2.160796642303467,2.6722030639648438,2.1097042560577393,0.35787636041641235
241,11.592706680297852,10.69755744934082,1.8236318826675415,1.9918909072875977,0.8649675250053406,4.798185348510742,0.40254077315330505
242,10.626096725463867,6.963238716125488,2.3811967372894287,4.691504955291748,1.9117522239685059,0.0,0.19497615098953247
243,11.913593292236328,9.06983470916748,1.864073395729065,2.27604079246521,2.034407377243042,0.9755293130874634,0.3901686370372772
244,10.364017486572266,10.07679271697998,2.605266809463501,0.05652223154902458,0.6714507937431335,4.688884735107422,0.2845396399497986
245,11.7066650390625,11.384592056274414,2.8637354373931885,2.9995365142822266,2.6875221729278564,0.7399908900260925,0.21258042752742767
246,7.493522644042969,7.884580612182617,1.689953327178955,2.240372896194458,2.2613775730133057,0.0,0.40681564807891846
247,9.366595268249512,8.136903762817383,2.3046927452087402,4.297811508178711,1.9139657020568848,0.0,0.23260821402072906
248,7.836662292480469,7.882304668426514,2.254047155380249,3.312809705734253,1.6888455152511597,3.430438995361328,0.30973437428474426
249,11.299147605895996,8.307658195495605,2.085249185562134,2.831120491027832,1.4210628271102905,0.5245841145515442,0.395462304353714
250,8.32264232635498,7.517197132110596,3.1131672859191895,4.541254997253418,2.123018741607666,3.8432412147521973,0.14404895901679993
251,7.488617897033691,11.077713012695312,2.185169219970703,2.6127710342407227,1.735815405845642,3.617177724838257,0.40423524379730225
252,10.822803497314453,11.283031463623047,3.740551471710205,3.87953782081604,2.849623203277588,3.9815001487731934,0.10444467514753342
253,9.47922134399414,10.369001388549805,1.9522582292556763,0.01393613126128912,0.9624055624008179,0.0,0.3054351508617401
254,8.57183837890625,9.67056941986084,4.177040100097656,4.1662373542785645,0.7611610889434814,0.5267500877380371,0.044406432658433914
255,7.743098258972168,6.784389972686768,3.581655502319336,3.119495153427124,2.950291872024536,5.100105285644531,0.18790073692798615
256,9.905801773071289,9.963566780090332,1.4244248867034912,0.051113616675138474,2.190319299697876,1.5931806564331055,0.14029011130332947
257,11.494831085205078,8.234375,1.819948673248291,2.311523675918579,1.1720424890518188,5.331823825836182,0.4094642996788025
258,10.791118621826172,11.453839302062988,2.6610240936279297,3.922308921813965,1.4466772079467773,5.270179748535156,0.2636580169200897
259,11.461587905883789,6.675314426422119,3.2933948040008545,2.927027940750122,2.7903804779052734,2.012406826019287,0.11148061603307724
260,9.95191478729248,12.350824356079102,4.180167198181152,4.510490894317627,0.8028127551078796,1.9127235412597656,0.10022575408220291
261,11.97559928894043,7.552004814147949,1.7799313068389893,2.728926181793213,1.1320160627365112,0.0,0.3823404312133789
262,10.343680381774902,8.558049201965332,2.8056137561798096,3.4523773193359375,0.9032250642776489,0.21339499950408936,0.22652705013751984
263,10.146153450012207,7.028929233551025,2.275481939315796,2.2502760887145996,0.10668939352035522,0.0,0.3727583587169647
264,8.696839332580566,6.791787147521973,2.86918568611145,3.3619041442871094,2.3601033687591553,2.9823837280273438,0.19218584895133972
265,8.971671104431152,10.526841163635254,0.4794536828994751,1.6703681945800781,0.13789865374565125,0.10773485153913498,0.23616597056388855
266,10.069620132446289,9.908063888549805,0.01820172369480133,0.9545667171478271,2.8771495819091797,4.665760517120361,0.08135029673576355
267,7.813411712646484,8.160557746887207,2.0307047367095947,2.3316633701324463,3.0059914588928223,2.208820343017578,0.3186836540699005
268,9.15500259399414,7.898393630981445,4.311709880828857,0.28618112206459045,0.550721287727356,1.6519355773925781,0.3531631529331207
269,11.25861930847168,8.40455436706543,2.6154775619506836,3.3304991722106934,0.8817148208618164,1.0553971529006958,0.2326609492301941
270,10.07401180267334,10.013572692871094,1.162020206451416,0.011476526968181133,1.3861069679260254,0.014222382567822933,0.29472967982292175
271,10.236273765563965,9.993228912353516,1.8344197273254395,0.019599316641688347,1.2668339014053345,0.0,0.24972908198833466
272,10.800393104553223,9.672370910644531,3.1838390827178955,3.410102605819702,0.6351413130760193,4.832582473754883,0.015924766659736633
273,7.3943986892700195,8.468469619750977,2.5225114822387695,2.751049041748047,2.293348550796509,4.86686897277832,0.27427423000335693
274,9.707952499389648,12.35466194152832,2.6006979942321777,2.861337661743164,0.2808936536312103,3.932690143585205,0.2205749750137329
275,9.16269302368164,7.959230422973633,2.3829174041748047,0.6712347269058228,1.8623110055923462,1.4584760665893555,0.28621846437454224
276,7.7236785888671875,8.599103927612305,2.0088765621185303,2.841731548309326,1.7521140575408936,0.0,0.3422031104564667
277,12.045500755310059,9.638650894165039,3.45668888092041,1.6943413019180298,1.54868483543396,3.5768423080444336,0.18263737857341766
278,11.285529136657715,8.58505916595459,4.0724897384643555,3.7976796627044678,0.36793607473373413,5.669610977172852,0.07681871950626373
279,10.376239776611328,9.129751205444336,2.999572992324829,5.280256748199463,1.8936150074005127,2.486271381378174,0.10470907390117645
280,10.407851219177246,12.241887092590332,3.849290609359741,3.1252429485321045,2.9057223796844482,4.150430679321289,0.07992018759250641
281,11.535964012145996,7.297816276550293,1.8047096729278564,2.248246431350708,0.8106604814529419,3.077967405319214,0.36339807510375977
282,9.602862358093262,10.094321250915527,1.1660339832305908,0.0066535500809550285,2.207388162612915,1.415129542350769,0.19308727979660034
283,9.601300239562988,10.382757186889648,1.2171021699905396,2.5360872745513916,1.8438622951507568,1.6027909517288208,0.017947236075997353
284,8.494685173034668,9.218411445617676,2.3689141273498535,2.0695905685424805,1.1236509084701538,0.0,0.398002564907074
285,10.688940048217773,11.562286376953125,3.302741765975952,4.0382561683654785,1.120927333831787,2.001805543899536,0.08984333276748657
286,11.559598922729492,9.275286674499512,2.348984479904175,2.2389957904815674,1.9292973279953003,0.0,0.41921916604042053
287,9.836115837097168,10.017152786254883,1.3182417154312134,0.016805196180939674,2.5052881240844727,1.4326211214065552,0.23135890066623688
288,11.039536476135254,10.273015022277832,1.737623929977417,1.835986614227295,0.8405986428260803,2.9486947059631348,0.3710649013519287
289,10.955979347229004,10.242161750793457,0.9884135127067566,0.10559196025133133,1.2077324390411377,5.013670444488525,0.2245195358991623
290,7.191267490386963,10.22830867767334,1.6505670547485352,2.985206365585327,1.7008203268051147,2.4323313236236572,0.3450094759464264
291,12.145662307739258,13.4802885055542,2.985018014907837,4.617018222808838,1.43485689163208,3.7626683712005615,0.1656731814146042
292,9.957415580749512,7.53230619430542,3.262760877609253,1.4994741678237915,2.610597610473633,0.0,0.27141737937927246
293,10.073587417602539,9.93213939666748,0.02117244526743889,1.7011756896972656,2.87526273727417,0.06300665438175201,0.5
294,8.108505249023438,9.736128807067871,2.3096163272857666,2.5858635902404785,2.587283134460449,4.414053440093994,0.265621155500412
295,11.468831062316895,12.776198387145996,3.255383014678955,3.187847137451172,0.12306912243366241,0.8467389941215515,0.18361952900886536
296,12.065678596496582,8.241613388061523,3.3840556144714355,5.403618335723877,1.1750587224960327,4.393884658813477,0.06437432765960693
297,11.370145797729492,11.296971321105957,2.0055935382843018,1.9287422895431519,0.10155386477708817,5.763954162597656,0.3751678466796875
298,6.707353591918945,7.668407440185547,2.2462332248687744,3.6117048263549805,1.9539979696273804,1.8741587400436401,0.24960890412330627
299,9.951547622680664,10.377520561218262,2.2167656421661377,1.9361299276351929,2.269094944000244,4.720495223999023,0.004464621655642986
300,9.77584171295166,9.935628890991211,1.1698158979415894,0.04113250970840454,2.849705457687378,1.6271274089813232,0.22519785165786743
301,8.271635055541992,11.27716064453125,1.7243338823318481,2.637746572494507,2.763240098953247,2.2071280479431152,0.17255711555480957
302,11.176922798156738,6.790162086486816,2.7946584224700928,2.8232271671295166,2.707941770553589,2.5018246173858643,0.20790772140026093
303,10.339476585388184,9.761770248413086,1.5844850540161133,0.07353390008211136,1.5328309535980225,1.4305833578109741,0.27976828813552856
304,11.30350399017334,10.346624374389648,0.021401451900601387,0.9533371329307556,0.6167158484458923,5.665401458740234,0.3355242609977722
305,10.792899131774902,11.450263023376465,3.889829397201538,3.725569248199463,2.8038170337677,0.0,0.1396048218011856
306,11.702923774719238,12.016901016235352,1.3962016105651855,2.1734089851379395,2.9758589267730713,2.3610756397247314,0.336531400680542
307,8.380294799804688,7.803431987762451,2.121171236038208,1.8217918872833252,2.977292537689209,3.1916980743408203,0.39218148589134216
308,9.763079643249512,12.36603832244873,3.121546506881714,5.524397373199463,1.279260277748108,2.1884207725524902,0.12801103293895721
309,7.586532115936279,13.297988891601562,3.097822904586792,3.5016565322875977,2.9683315753936768,2.535062551498413,0.1930517703294754
310,10.917293548583984,12.31509017944336,4.14516544342041,3.5898003578186035,0.26098084449768066,0.0,0.14798787236213684
311,10.85638427734375,11.98033332824707,1.9840149879455566,2.1075215339660645,1.1765698194503784,3.85156512260437,0.38844090700149536
312,10.829190254211426,12.91378116607666,3.8099474906921387,2.131114959716797,0.33751562237739563,4.37472677230835,0.09037060290575027
313,8.415754318237305,11.683076858520508,2.655460834503174,1.6311341524124146,2.8216891288757324,2.270538091659546,0.30479809641838074
314,11.946084022521973,7.387545585632324,1.6953366994857788,2.3646936416625977,1.151843786239624,2.3600189685821533,0.3977803885936737
315,8.882542610168457,12.298003196716309,2.857330799102783,2.171175241470337,2.3454372882843018,6.211431503295898,0.3042048215866089
316,9.239788055419922,9.980751991271973,0.33394181728363037,0.24810954928398132,3.1415927410125732,2.514861583709717,0.19452501833438873
317,6.856204032897949,11.480779647827148,2.0696656703948975,2.419874906539917,0.8470693230628967,1.2939860820770264,0.35879966616630554
318,8.883049964904785,9.32909107208252,2.1885135173797607,2.8906116485595703,2.2330920696258545,2.273205280303955,0.2737649083137512
319,9.229337692260742,9.557583808898926,1.3347129821777344,0.649083137512207,1.798850655555725,1.4478859901428223,0.02171299234032631
320,9.819172859191895,11.087809562683105,0.3844333291053772,0.6194143295288086,0.7952618598937988,5.451902866363525,0.1816125512123108
321,7.4486613273620605,11.662935256958008,3.460150718688965,3.3003957271575928,2.813394546508789,4.429772853851318,0.10286711156368256
322,9.833598136901855,8.830194473266602,2.853538990020752,0.12017060071229935,2.405198812484741,1.377954363822937,0.4065929651260376
323,8.94926929473877,11.017596244812012,3.4122862815856934,1.213004231452942,3.1415927410125732,0.0,0.3612960875034332
324,11.515061378479004,11.616594314575195,1.6192702054977417,2.6568663120269775,1.4579896926879883,2.9334118366241455,0.3745676279067993
325,9.680984497070312,8.123213768005371,2.478694200515747,4.569281101226807,1.9150882959365845,0.0,0.22240899503231049
326,11.86702823638916,10.117631912231445,2.131542444229126,2.4789888858795166,2.5846636295318604,1.8968240022659302,0.24487939476966858
327,9.53947925567627,10.143888473510742,1.8691332340240479,0.05290760472416878,2.4720232486724854,4.8001790046691895,0.2780635356903076
328,8.728976249694824,10.74030590057373,1.5064350366592407,1.1224826574325562,1.571895718574524,4.736419677734375,0.011897817254066467
329,8.942859649658203,7.708261489868164,3.1309328079223633,2.0726284980773926,0.5915389060974121,0.0,0.27218663692474365
330,8.41632080078125,12.336462020874023,0.5234184265136719,0.567173182964325,0.9961829781532288,4.896568775177002,0.05857032909989357
331,7.869327068328857,9.191844940185547,3.497325897216797,2.9327664375305176,0.2051638662815094,1.9039361476898193,0.24005737900733948
332,10.946269035339355,11.42177963256836,2.838765859603882,0.6651885509490967,1.1806721687316895,1.7869126796722412,0.4005643129348755
333,7.965517997741699,8.300962448120117,2.2564148902893066,2.457137107849121,2.3298683166503906,4.821482181549072,0.29981303215026855
334,10.783523559570312,8.398484230041504,3.879439353942871,5.0966105461120605,0.35284551978111267,3.5457136631011963,0.0692279040813446
335,8.808234214782715,8.364847183227539,1.4533263444900513,1.9181723594665527,2.391556739807129,3.9431357383728027,0.38303935527801514
336,7.6947712898254395,8.598913192749023,2.048227310180664,3.2387518882751465,1.6727861166000366,3.530888080596924,0.3082234859466553
337,9.790674209594727,7.924996852874756,3.3221445083618164,1.3214062452316284,0.5711838603019714,0.0,0.2570479214191437
338,10.132585525512695,10.405233383178711,1.1859607696533203,0.057891927659511566,2.0678672790527344,4.785451889038086,0.30907636880874634
339,7.471796989440918,11.56959342956543,2.7747116088867188,2.647030830383301,0.585196852684021,2.251802444458008,0.2461588978767395
340,10.105807304382324,10.20580768585205,1.1878678798675537,0.024439245462417603,0.6612246632575989,4.887702465057373,0.13396738469600677
341,9.880576133728027,11.190662384033203,2.4004712104797363,5.450358867645264,1.716802954673767,2.8785781860351562,0.2216055989265442
342,7.250583648681641,8.792951583862305,1.9707976579666138,2.5149593353271484,2.0199880599975586,3.6818578243255615,0.39465421438217163
343,10.979612350463867,7.3629350662231445,4.2552595138549805,3.2675671577453613,2.9338467121124268,2.347744941711426,0.08434851467609406
344,8.49631118774414,12.155987739562988,3.4478440284729004,3.2994956970214844,0.3249947428703308,3.9439759254455566,0.12933507561683655
345,9.902586936950684,8.51435661315918,1.1150791645050049,0.1672545075416565,2.306072235107422,5.232386112213135,0.24320341646671295
346,9.911299705505371,10.030869483947754,1.2604705095291138,0.015091036446392536,1.3393195867538452,4.7063212394714355,0.1858646273612976
347,11.933531761169434,8.829374313354492,0.7170435786247253,2.300961971282959,0.11335672438144684,3.313408613204956,0.5
348,7.2238616943359375,11.171987533569336,2.5924882888793945,2.538506507873535,0.5572263598442078,2.100203037261963,0.26050764322280884
349,9.554259300231934,8.397723197937012,3.45163631439209,1.3054490089416504,0.8632036447525024,0.974757969379425,0.43386635184288025
350,7.148367404937744,8.490458488464355,2.4793496131896973,3.263131618499756,0.9058848023414612,3.134610414505005,0.24249079823493958
351,9.687134742736816,10.289515495300293,0.02301546186208725,0.9780102372169495,2.135932207107544,4.756095886230469,0.06689408421516418
352,8.456958770751953,7.442193031311035,2.2080886363983154,2.4682400226593018,3.0024356842041016,4.606535911560059,0.290353000164032
353,11.988443374633789,11.787379264831543,2.7700083255767822,3.717081308364868,1.424646019935608,6.2831854820251465,0.24958427250385284
354,11.023168563842773,7.8336873054504395,3.5290777683258057,3.9915707111358643,0.30760878324508667,4.185274124145508,0.09803345799446106
355,9.556086540222168,9.911164283752441,0.8197369575500488,0.007435929961502552,3.1415927410125732,0.0,0.2831929624080658
356,10.861353874206543,11.505279541015625,2.1695165634155273,2.216630458831787,0.14350271224975586,5.670081615447998,0.36609798669815063
357,9.241844177246094,12.588871955871582,3.3983960151672363,3.0461721420288086,0.3066401481628418,5.58226203918457,0.1298667937517166
358,9.870750427246094,9.924604415893555,0.014859155751764774,1.2334359884262085,1.2226859331130981,3.2990005016326904,0.5
359,9.872786521911621,9.484175682067871,0.3999156057834625,0.11539524793624878,3.1415927410125732,1.5839792490005493,0.013860978186130524
360,10.912895202636719,9.404820442199707,3.8498828411102295,3.35685396194458,0.15397703647613525,0.37029147148132324,0.16823652386665344
361,10.305864334106445,7.595305919647217,2.4002602100372314,2.5742084980010986,1.0041134357452393,0.0,0.20801948010921478
362,7.094096660614014,12.610599517822266,2.6161279678344727,4.178977966308594,2.0996110439300537,2.4900825023651123,0.15906697511672974
363,10.136067390441895,7.706783294677734,2.511983871459961,4.6711812019348145,1.9093151092529297,4.418957710266113,0.22016087174415588
364,11.554884910583496,8.047088623046875,2.0190634727478027,2.8568732738494873,1.438735842704773,4.194361686706543,0.359343558549881
365,11.324213981628418,8.432035446166992,2.3951218128204346,1.2946383953094482,2.990776538848877,1.333849310874939,0.4159110486507416
366,9.49795150756836,10.093358993530273,0.6423999071121216,0.20310205221176147,2.6937355995178223,5.151673793792725,0.14372344315052032
367,11.21072769165039,11.133334159851074,3.761138439178467,3.702040195465088,2.7962558269500732,2.3201069831848145,0.13603216409683228
368,11.987099647521973,11.389554977416992,2.0589795112609863,1.670686960220337,2.419656753540039,3.11885142326355,0.4256598651409149
369,12.67379093170166,8.946242332458496,3.1794421672821045,2.63558030128479,2.8184163570404053,0.5605744123458862,0.1766907274723053
370,8.316998481750488,9.973124504089355,2.1895110607147217,2.1505653858184814,2.5778567790985107,4.40022087097168,0.28367531299591064
371,7.710695743560791,7.257351398468018,1.7125897407531738,1.9185185432434082,2.4976823329925537,1.7060065269470215,0.4164627492427826
372,7.63010311126709,8.573771476745605,1.5711201429367065,2.5269837379455566,1.7495012283325195,0.0,0.3768080770969391
373,12.448091506958008,11.941341400146484,2.734978199005127,3.8574728965759277,2.1008167266845703,1.0416078567504883,0.17183911800384521
374,9.96814250946045,9.816282272338867,1.2617424726486206,0.0397210568189621,0.6213099360466003,4.760542392730713,0.021963736042380333
375,9.832511901855469,10.49703598022461,3.7738661766052246,5.821911334991455,0.8173630237579346,2.724984884262085,0.02005789987742901
376,7.522318363189697,11.927555084228516,2.0200092792510986,2.074585437774658,0.4948897361755371,0.0,0.3858650326728821
377,10.331409454345703,9.664838790893555,2.877995491027832,0.12581884860992432,0.7127256393432617,0.0,0.3498767018318176
378,7.444141387939453,7.041921615600586,2.3169755935668945,3.165048837661743,2.3701014518737793,1.8837218284606934,0.20334415137767792
379,7.510634422302246,7.458001613616943,2.1936426162719727,3.543344736099243,2.2630257606506348,3.4038095474243164,0.22340311110019684
380,11.464192390441895,9.245156288146973,2.142979621887207,0.19727374613285065,2.299550771713257,2.689943790435791,0.36070287227630615
381,11.67518424987793,12.693230628967285,2.732729196548462,2.962315797805786,2.0488932132720947,0.0,0.26971885561943054
382,8.172893524169922,10.059357643127441,2.4024181365966797,2.818450450897217,2.59179425239563,6.2831854820251465,0.24464483559131622
383,11.212407112121582,11.002245903015137,2.0850234031677246,2.3210933208465576,0.8538208603858948,4.935338973999023,0.3680114448070526
384,9.567124366760254,9.92646312713623,1.4145228862762451,0.06176181137561798,0.6383312940597534,4.018949031829834,0.06258556246757507
385,11.833174705505371,8.820353507995605,3.477639675140381,4.608085632324219,2.5668137073516846,0.7191371917724609,0.032026682049036026
386,11.15786361694336,11.252881050109863,3.812922477722168,3.143674373626709,2.8102378845214844,0.5905231237411499,0.1441555917263031
387,8.787224769592285,9.658674240112305,0.22169403731822968,0.9221867918968201,0.7781781554222107,1.322298288345337,0.08799678832292557
388,9.999869346618652,7.7310590744018555,2.233112335205078,3.8452868461608887,1.4491236209869385,0.0,0.2802477478981018
389,11.613564491271973,11.026780128479004,1.7494159936904907,2.065664529800415,0.8850802183151245,3.2131171226501465,0.4041796922683716
390,7.5385332107543945,8.145038604736328,0.20500050485134125,3.338257312774658,2.247109889984131,1.4508780241012573,0.0
391,8.962238311767578,10.891772270202637,3.030993700027466,2.4977192878723145,2.687551736831665,0.0,0.2075059860944748
392,7.670139789581299,7.422100067138672,2.243795156478882,3.6411962509155273,2.2496142387390137,2.6248228549957275,0.18729239702224731
393,11.932698249816895,7.062963008880615,2.538025379180908,2.7480475902557373,2.3847665786743164,1.5839595794677734,0.19912533462047577
394,7.732898712158203,7.323030471801758,2.3388686180114746,4.029366493225098,2.3026044368743896,0.558335542678833,0.0407288558781147
395,8.7009859085083,7.320068836212158,4.665019989013672,3.8744096755981445,0.29480066895484924,3.117295742034912,0.12719081342220306
396,8.327669143676758,11.545674324035645,2.693387508392334,1.667851209640503,1.960099458694458,2.135577917098999,0.22846026718616486
397,11.177486419677734,8.633906364440918,2.124837636947632,2.035311460494995,2.272711992263794,1.7054458856582642,0.42761221528053284
398,12.19242000579834,12.45759391784668,3.0551536083221436,2.863333225250244,0.7283118963241577,3.4257960319519043,0.18874233961105347
399,9.764449119567871,10.07017707824707,1.8315539360046387,0.03211718425154686,0.3353339433670044,0.1826556771993637,0.0
